,domain
0,senderscore.com
15,stereogum.com
18,momentumdash.com
27,2u.com
33,kingsize.com
35,wikimatrix.org
58,voetbalzone.nl
59,charentelibre.fr
73,pki.goog
82,petapixel.com
112,eda.yandex
119,telematica.at
130,hartvannederland.nl
143,braintreegateway.com
150,brightlocal.com
158,mercadopago.com.br
160,kinoteatr.life
162,jocelyn.beauty
172,australia.com
181,lavoz.com.ar
190,punto-informatico.it
199,notion.site
200,eset.com
210,sensacine.com
212,google.ch
213,hh.ru
236,vi.nl
246,sberbank.ru
248,ranker.com
271,osmosis.org
278,babylon.com
287,ideapod.com
316,topsec.com
329,findabride.net
338,chitai-gorod.ru
339,tips.at
342,fender.com
357,psafe.com
360,linternaute.com
373,ysscores.com
397,cloudskillsboost.google
398,zone.ee
427,ip2location.com
431,nocibe.fr
434,canalturf.com
436,voegol.com.br
439,evernote.com
442,google.me
444,server-eye.de
474,playsimple.in
478,kingmodapk.net
495,befunky.com
506,rtlnieuws.nl
515,noordhollandsdagblad.nl
516,azazie.com
524,salon.com
536,elixarco.com
538,cloudflare-eth.com
539,autohero.com
543,onelink.to
548,technologynetworks.com
561,kktv.com
563,simplybusiness.co.uk
569,zupyak.com
571,benchmark.pl
584,getguru.com
589,gloria-jeans.ru
595,physicsclassroom.com
604,la7.it
615,bongacams14.com
616,adidas-group.com
622,areva.com
653,letras.com
660,flashscore.gr
661,matrox.com
663,forsakringskassan.se
672,telanganatoday.com
681,ruenu.com
696,usni.org
713,smallpdf.com
720,sugarspunrun.com
729,northeastern.edu
735,syniverse.com
742,migros.com.tr
762,westminster.ac.uk
774,looper.com
785,volvo.com
796,advertserve.com
797,downdetector.com
802,nastykinkpigs.com
803,totalav.com
804,fnbr.co
812,truyen-hentai.com
832,modded-1.com
843,santander.co.uk
849,genialne.pl
862,shillongteerground.com
885,huawei.ru
899,dotmovies.icu
902,space.com
905,spoti.fi
909,essen-und-trinken.de
918,plesk.com
922,tripadvisor.es
930,511tactical.com
931,siemens-healthineers.com
946,phenompeople.com
963,badoo.app
966,thebulletin.org
967,omroepbrabant.nl
970,berklee.edu
978,jamieoliver.com
1000,kitco.com
1004,seriemol.us
1021,pcvisit.de
1035,google.cz
1061,vidal.ru
1063,propertyshark.com
1064,ch3plus.com
1066,kb.se
1070,bloomberght.com
1076,gardenersworld.com
1093,nic.io
1112,libertyseguros.com.br
1114,digiseller.market
1127,onepeloton.com
1132,tennistv.com
1134,estrelabet.com
1141,connectwise.com
1153,cloudcovermusic.com
1157,lepoint.fr
1177,moonactive.net
1192,mimecast.com
1193,rapidtables.com
1209,cotilleando.com
1211,legitscript.com
1264,songlyrics.com
1287,notamedia.com
1290,singularityhub.com
1291,portal6.com.br
1309,agriculture.com
1332,yourtango.com
1341,ad-italia.it
1345,gofeminin.de
1354,web.com
1355,nexusmods.com
1362,cvut.cz
1371,mobizil.com
1388,amateur.tv
1390,ctpost.com
1415,wareable.com
1421,makeitmeme.com
1427,hotxxx.mobi
1442,nodereal.io
1452,trbo.com
1454,plentific.com
1462,google.bi
1476,cyclingweekly.com
1481,amuniversal.com
1483,rubrik.com
1484,gamenet.ru
1489,placeit.net
1500,umweltbundesamt.de
1511,fatalmodel.com
1531,webengage.com
1537,flexjobs.com
1542,revolut.com
1544,dummies.com
1573,webcasts.com
1580,reevoo.com
1591,afr.com
1593,latamairlines.com
1594,intelligentgolf.co.uk
1595,prodigy.net
1619,bd.com
1633,mothership.sg
1642,ens.fr
1646,westga.edu
1656,myjetbrains.com
1666,static-bahn.de
1670,tcs.com
1674,sport.es
1685,ikoula.com
1704,krystal.co.uk
1712,tapas.io
1715,zeiss.com
1720,unionbankph.com
1731,koddi.com
1743,kcrw.com
1756,homeaway.com
1766,xgroovy.com
1771,poki.com.br
1780,superbru.com
1807,taskandpurpose.com
1811,atcom.gr
1818,indrive.com
1820,nextersglobal.com
1822,wolt.com
1834,zara.com
1853,livevox.com
1862,overleaf.com
1866,enea.it
1879,shein.com
1887,neubox.net
1895,red-tube.video
1903,stokesentinel.co.uk
1905,brasil247.com
1909,paris2024.org
1914,bensound.com
1917,kleinezeitung.at
1918,napster.com
1925,10best.com
1939,anker.com
1984,sportsdirect.com
1989,carx-online.com
2007,uji.es
2016,cili001.com
2022,undark.org
2027,swe.xyz
2032,jwt.io
2045,boreus.de
2046,revzilla.com
2049,beintoo.com
2062,aurora.dev
2068,bestadulthookup.com
2091,lulus.com
2092,jacquielawson.com
2096,oprahdaily.com
2099,350.org
2101,football24.ua
2105,myviewboard.com
2127,gdata.de
2131,fishersci.com
2133,supsystic.com
2147,rigla.ru
2148,storables.com
2160,fimfiction.net
2171,typeform.com
2194,readmangabat.com
2201,mailchimp.com
2215,auto.cz
2216,plurk.com
2219,welivesecurity.com
2223,expedia.de
2229,du.edu
2241,wlox.com
2253,google.org
2256,supersport.hr
2260,oed.com
2269,omni.se
2270,thenewdaily.com.au
2275,dcu.ie
2283,rtl.de
2307,gocompare.com
2308,vogue.es
2312,inspiredtaste.net
2326,hellosehat.com
2342,farrow-ball.com
2347,videezy.com
2351,lavoro.gov.it
2359,prepostseo.com
2362,fivestars.com
2369,dhlparcel.nl
2372,randstad.es
2381,thezoereport.com
2398,linea.build
2410,mq.edu.au
2415,guidestar.org
2419,vivo.com.cn
2424,fsc.org
2446,mandic.com.br
2458,multiplication.com
2463,opentable.com
2484,icc-cricket.com
2490,correiodopovo.com.br
2496,uptodown.com
2503,fxnetworks.com
2509,tamilglitz.in
2511,wort-suchen.de
2514,emplifi.io
2520,otter.ai
2545,ingles.com
2557,iracing.com
2588,centrum24.pl
2589,labanquepostale.fr
2591,google.cv
2594,nmugroup.com
2597,hostatom.com
2598,foreign-brides.net
2599,uvm.edu
2601,google.cl
2610,escolavirtual.pt
2613,nahb.org
2620,victoriassecret.com
2648,zapimoveis.com.br
2650,costco.com.mx
2653,ccc.edu
2663,parliament.uk
2667,smhi.se
2678,jawapos.com
2680,zmescience.com
2697,gitkraken.com
2698,arbetsformedlingen.se
2713,sofifa.com
2724,obi.de
2726,metooo.io
2728,collinsdictionary.com
2730,geni.us
2739,llbean.com
2774,zalando.fr
2808,transporeon.com
2814,startv.com.tr
2815,home-webserver.de
2816,activecommunities.com
2827,yoshi210.com
2829,win2day.at
2835,premiumbeat.com
2847,autismspeaks.org
2848,shoretel.com
2851,sixsenses.com
2855,hyprmx.com
2874,letras.mus.br
2879,supremocontrol.com
2900,finn.no
2912,ati.su
2936,pronews.gr
2944,rush.edu
2946,resideo.com
2949,infosalus.com
2966,digitalspy.com
2971,kennedy-center.org
2979,developpement-durable.gouv.fr
2980,atgtickets.com
2986,ilmatieteenlaitos.fi
2989,thepinknews.com
2999,phoenixnewtimes.com
3002,measurement-lab.org
3015,stackla.com
3031,cra.cz
3033,carfax.eu
3049,t-com.sk
3053,carnet.hr
3056,banquepopulaire.fr
3060,uvt.nl
3062,kaduvatv.com
3063,barbend.com
3065,arynews.tv
3067,project-syndicate.org
3070,dailymail.co.uk
3076,colliers.com
3077,hidive.com
3083,digicert.com
3089,airtel.in
3090,pressandjournal.co.uk
3097,telenor.se
3139,trendagent.ru
3147,cookiefirst.com
3162,capes.gov.br
3190,nwaonline.com
3197,serpstat.com
3201,doofinder.com
3202,junodownload.com
3213,kcom.com
3214,bookwalker.jp
3230,techspot.com
3234,dailystar.co.uk
3281,shootproof.com
3282,ubbcluj.ro
3292,loewe.com
3325,picodi.com
3326,biharmasti.net
3339,minijuegosgratis.com
3354,carwow.co.uk
3355,jazztel.es
3356,telia.se
3369,bvsalud.org
3376,cornelsen.de
3386,olbg.com
3401,fr.de
3402,homesandgardens.com
3403,cjdropshipping.com
3406,myschoolbucks.com
3407,thefader.com
3422,abqjournal.com
3431,perficient.com
3440,samaritans.org
3463,xirsys.com
3464,rupar.puglia.it
3484,webwinkelkeur.nl
3491,bath.ac.uk
3502,seb.se
3503,naturabuy.fr
3512,amaterky.sk
3520,fubo.tv
3525,adtelligent.com
3531,startbootstrap.com
3547,ancestry.co.uk
3552,clipchamp.com
3557,antagonist.nl
3559,bremen.de
3566,emeritus.org
3574,birdeye.com
3581,seeweb.it
3582,pogirl.net
3592,vikingcruises.com
3593,assaabloy.net
3599,senler.ru
3609,travelist.pl
3615,tvgids.nl
3618,trt.com.tr
3627,youappi.com
3629,moatads.com
3630,monster.se
3634,shoppilot.ru
3641,ccnag.com
3644,bnpparibas.pl
3662,creative.com
3673,volkswagenag.com
3686,cell.com
3687,badlion.net
3694,aetv.com
3702,reseau-canope.fr
3707,plo.vn
3720,pandasoftware.com
3756,crowdsec.net
3765,humblebundle.com
3771,inria.fr
3803,sli.do
3807,firstheberg.net
3810,kennasecurity.com
3813,karbonhq.com
3820,imunify360.com
3822,mandatory.com
3831,docusign.com
3849,ashampoo.com
3853,fattureincloud.it
3873,bepress.com
3875,logmeinrescue.com
3877,jugendherberge.de
3884,forexpros.com
3891,paizo.com
3898,fussball.de
3906,kaufland.de
3918,news-medical.net
3919,ngs24.ru
3928,ngrok.com
3931,anses.fr
3936,betterup.com
3940,fakespot.com
3953,neal.fun
3954,panasonic.eu
3955,marary.skin
3957,xhvictory.com
3974,vtr.com
3975,lse.ac.uk
3996,fazi.rs
4002,epicurious.com
4005,pb.com
4006,apexlearning.com
4020,docker.com
4023,acens.net
4034,tstu.ru
4041,wsls.com
4042,vietcombank.com.vn
4044,caast.tv
4049,segodnya.ua
4060,punchbowl.com
4084,waitrose.com
4091,coloradoan.com
4102,linkplay.com
4104,loggly.com
4128,connectad.io
4137,yumpu.com
4149,modernatx.com
4151,selfhost.de
4166,thetimes.co.uk
4189,naomir.cfd
4196,google.com.np
4215,historyextra.com
4231,superherosnout.com
4232,csgsystems.com
4242,infineon.com
4243,vub.ac.be
4248,saic.com
4273,eatright.org
4276,fastly.com
4287,zr.ru
4292,rcode0.net
4294,berliner-kurier.de
4309,entradas.com
4313,leaseplan.com
4315,imgsmail.ru
4334,ftmo.com
4352,centralnicregistry.com
4371,blackberry.com
4385,boursier.com
4388,seedhost.eu
4389,signinapp.com
4403,domino.com
4416,lfstmedia.com
4425,sageone.co.za
4436,the-crossword-solver.com
4447,filehippo.com
4462,ines.ro
4482,centredaily.com
4500,iisd.org
4512,camper.com
4513,mtvuutiset.fi
4515,patagonia.com
4519,discord.com
4520,ctuit.com
4530,farmprogress.com
4537,autism.org.uk
4541,aqa.org.uk
4544,sciencemag.org
4547,slideserve.com
4549,spotim.market
4552,mintegral.net
4556,tripletex.no
4570,lsr.ru
4576,lucidmotors.com
4579,crainsnewyork.com
4580,swiftype.com
4603,jobsatamazon.co.uk
4611,computerbase.de
4615,vendhq.com
4621,worldtravelling.com
4622,defenseone.com
4641,showup.tv
4655,treccani.it
4673,openaccessgovernment.org
4679,modernfarmer.com
4680,serpro.gov.br
4681,henkel.com
4682,puregym.com
4687,wetter.de
4688,hangseng.com
4693,iqm.com
4695,snai.it
4705,ssb.no
4736,tidd.ly
4747,lakesidesoftware.com
4748,farfetch.com
4755,cpj.org
4775,cnews.fr
4784,haokan.mobi
4799,musescore.com
4811,adoptium.net
4842,elaosboa.com
4848,courrier-picard.fr
4860,segmentnext.com
4871,newsmax.com
4884,cogentco.com
4886,metopera.org
4888,winzip.com
4891,bom2buy.com
4893,creditsafe.com
4913,onlinetrade.ru
4924,gadsme.com
4933,technavio.com
4938,tempo.pt
4944,msc.org
4953,instyle.com
4957,about.youtube
4983,abbvie.com
4993,drweb.ru
5007,webmd.com
5013,automationanywhere.com
5064,omnihotels.com
5073,mabanque.bnpparibas
5081,lci.fr
5092,autocarindia.com
5096,bluecore.com
5101,wave.video
5107,localbitcoins.com
5109,purevolume.com
5111,rotld.ro
5112,tapfiliate.com
5116,mercadolibre.com.uy
5125,wonderplugin.com
5136,ebanx.com
5150,w3snoop.com
5194,polytechnique.fr
5198,wheeloffortune.com
5201,marvell.com
5208,engelbert-strauss.de
5209,webnode.cz
5219,theconversation.com
5224,mycast.io
5232,rbc.ua
5267,pcgamer.com
5276,swindonadvertiser.co.uk
5285,avis.com
5297,jeep.com
5312,cookieyes.com
5314,pcpitstop.com
5359,wholesomeyum.com
5365,madisoft.it
5366,justjared.com
5369,svb.com
5388,katespadeoutlet.com
5399,plazavea.com.pe
5404,kotaku.com
5417,seacoastonline.com
5427,smtp2go.com
5448,lpga.com
5452,springsource.org
5453,gi-de.com
5469,respond.io
5472,raymondjames.com
5476,adaptiva.cloud
5483,tritondigital.com
5485,coursesu.com
5490,studiestoday.com
5507,calacademy.org
5510,ziare.com
5516,gqindia.com
5517,rai.it
5520,vodafone.es
5522,bike-components.de
5535,webdunia.com
5537,newsela.com
5538,fuegodevida.com
5548,napoleongames.be
5553,bostondynamics.com
5554,adyen.com
5562,google.az
5589,eluniverso.com
5591,endocrine.org
5592,nationalgeographic.com
5593,paymentus.com
5612,imodules.com
5625,i3d.net
5634,alphatv.gr
5641,bstn.com
5644,getharvest.com
5648,criticalcase.com
5688,nottinghampost.com
5691,boardingarea.com
5692,joe.co.uk
5694,pubnub.com
5698,shastacoe.net
5701,planner5d.com
5706,drop.com
5714,clockify.me
5726,gatech.edu
5729,metal-archives.com
5732,splice.com
5748,vogue.co.uk
5767,reverb.com
5769,antagus.de
5771,inps.it
5787,thetruthaboutcars.com
5793,nspk.ru
5794,site24x7.com
5801,bokus.com
5805,honeygain.com
5815,varsitytutors.com
5833,brightcove.com
5846,openweathermap.org
5847,amazon.fr
5855,weatherzone.com.au
5857,hkexpress.com
5862,umsu.ac.id
5871,monster.es
5873,okmagazine.com
5876,google.com.pk
5881,hslu.ch
5888,emsisoft.com
5891,indiatimes.com
5900,ovgu.de
5907,goldapple.ru
5910,alternate.de
5919,inline.app
5923,edjoin.org
5932,laget.se
5934,breathehr.com
5951,sleeper.app
5958,mygreatlearning.com
5978,groupon.com
5989,lainformacion.com
5990,posthog.com
6009,getmulberry.com
6019,artelis.net
6025,marriage.com
6027,stuff.tv
6050,techsoup.org
6073,amxrtb.com
6075,cipd.org
6076,osu.edu
6079,seagate.com
6080,thequietus.com
6084,pointi.jp
6085,sketchfab.com
6086,wingo.ch
6087,xhopen.com
6091,poliziadistato.it
6092,ilyon.net
6094,xhamsterlive.com
6111,funpay.com
6112,szerencsejatek.hu
6122,se.pl
6127,uni-erlangen.de
6137,comelitgroup.com
6140,quince.com
6159,callbomberz.in
6174,telenet.be
6177,neogaf.com
6185,informit.com
6187,sciencefocus.com
6207,semana.com
6209,barnesandnoble.com
6212,dinneratthezoo.com
6226,nbcphiladelphia.com
6244,cnn.com
6245,sunglasshut.com
6247,expressandstar.com
6266,tiny.cloud
6269,nearpod.com
6277,experteditor.com.au
6284,google.com.om
6286,broadwayworld.com
6307,zscaler.com
6312,sunherald.com
6314,teachingstrategies.com
6316,tintup.com
6321,publico.es
6324,ivillage.com
6331,junaidjamshed.com
6332,massgeneral.org
6334,languagetoolplus.com
6336,google.com.ai
6341,sistemi.com
6364,womensecret.com
6394,cmich.edu
6427,yudu.com
6428,wimp.com
6437,helltides.com
6477,weplaydots.com
6479,on-running.com
6496,vulkan-vegas.de
6505,lavozdegalicia.es
6516,olx.kz
6523,dynata.com
6530,canlii.org
6534,rimowa.com
6537,siemens.com
6545,fieldengineer.com
6549,zety.com
6551,hospitalitynet.org
6558,upload.app
6562,google.co.ao
6565,tommybahama.com
6570,kimsufi.com
6572,wordstrivia.com
6580,bancaditalia.it
6588,uswitch.com
6598,iceporn.xxx
6613,cloudacademy.com
6629,disneycareers.com
6640,unirioja.es
6644,backblazeb2.com
6653,nesta.org.uk
6665,tori.fi
6680,myregistry.com
6690,vodafone.co.uk
6701,fantasticfiction.com
6706,bola.com
6715,proceso.com.mx
6725,branch.io
6731,boldsky.com
6736,socialgoodplatform.com
6739,google.pl
6755,etsy.com
6757,getshogun.com
6766,feedblitz.com
6767,wandb.ai
6778,sports.fr
6782,tvfanatic.com
6793,mdpi.com
6806,zwift.com
6810,prosv.ru
6812,metoffice.gov.uk
6814,somosohlala.com
6824,hotjar.com
6845,ice.co.il
6847,topcashback.co.uk
6850,storysaver.net
6875,bp.com
6883,hjonen27napib.com
6888,effiliation.com
6912,vps.net
6914,ctt.pt
6915,happyfox.com
6921,maketecheasier.com
6926,webador.com
6941,themezee.com
6959,salecycle.com
6963,keele.ac.uk
6991,blackwells.co.uk
7004,gamebanana.com
7005,elle.de
7018,megaan.homes
7022,kaseya.com
7027,giosg.com
7033,monster.be
7034,japanese-women.net
7047,ometria.com
7063,cambridgeone.org
7076,us.es
7086,pr-lg.ru
7088,wmagazine.com
7111,comunidades.net
7122,marsflag.com
7124,bigmir.net
7130,vc3.com
7151,networkforgood.com
7153,liveuamap.com
7162,modularmental.com
7193,prospectmagazine.co.uk
7197,veracross.com
7203,losandes.com.ar
7206,exibart.com
7212,zhsshu.com
7239,cstatic-images.com
7245,adotmob.com
7279,alerabat.com
7296,manatoki307.net
7308,shiply.com
7309,rosuchebnik.ru
7314,questionpro.com
7342,optima-telekom.hr
7351,reged.com
7389,pitchfork.com
7403,coop.co.uk
7406,xosodaiphat.com
7416,tufts.edu
7417,apsense.com
7429,freecash.com
7438,crosswordsolver.org
7443,pagseguro.uol
7447,dstv.com
7448,pubmatic.com
7459,desy.de
7463,geekbuying.com
7468,dfa.ie
7494,tensor.ru
7495,perfectaudience.com
7508,vocabulary.com
7515,up.ac.za
7516,revinate.com
7519,mvideo.ru
7522,multispaces.net
7525,inditexcareers.com
7526,unionesarda.it
7527,seohost.pl
7531,mediametrie.com
7537,spoton.com
7547,tome.app
7552,tradeinn.com
7556,aspose.app
7559,adelaide.edu.au
7571,alamy.com
7580,theobjective.com
7593,trinet.com
7602,liberoquotidiano.it
7613,google.ge
7619,newsbeast.gr
7628,itv.com
7631,kleinanzeigen.de
7632,welltory.com
7640,adswizz.com
7654,daad.de
7655,vidal.fr
7659,pella.com
7661,heapanalytics.com
7670,genial.ly
7677,register.to
7683,microsoftcasualgames.com
7689,mapbox.com
7701,infojobs.net
7727,tomtom.com
7728,wearfigs.com
7730,nask.net.pl
7733,blizko.ru
7736,etos.nl
7745,flexclip.com
7747,elpasotimes.com
7749,lloydsbankinggroup.com
7768,finalsite.net
7773,turismosocial.com
7776,aireuropa.com
7787,thehustle.co
7808,bryk.pl
7822,verisign.net
7823,walla.co.il
7829,credit.com
7834,paralympic.org
7842,stadt-zuerich.ch
7879,manatoki308.net
7891,carwale.com
7904,maxbet.rs
7906,nuance.com
7915,bauhaus.info
7927,telkomsel.com
7951,reiss.com
7953,humo.be
7969,send-anywhere.com
7978,kantangame.com
7983,24-7pressrelease.com
7993,sparkasse.de
7995,of.pl
8008,leadpages.com
8011,simplyrecipes.com
8020,prodirectsport.com
8029,jolie.pics
8044,uwn.com
8059,financemagnates.com
8068,gre.ac.uk
8075,socketlabs.com
8089,renfe.com
8100,expiredwixdomain.com
8102,elsiglodetorreon.com.mx
8107,bitbucket.io
8157,lidovky.cz
8197,monster.fr
8198,gumgum.com
8204,cracked.com
8206,crucial.com
8211,thelocal.it
8221,tenki.jp
8231,worldhistory.org
8235,thomann.de
8245,familysearch.org
8248,hydroflask.com
8262,iste.org
8268,popcornnews.ru
8274,madmuscles.com
8275,logitravel.com
8277,artlebedev.ru
8290,seagullscientific.com
8311,tottenhamhotspur.com
8325,thespruceeats.com
8326,ita-airways.com
8340,adage.com
8347,famousfootwear.com
8350,acponline.org
8356,tr.gg
8360,corning.com
8378,grnet.gr
8381,dobreprogramy.pl
8382,about.me
8385,csob.cz
8386,translate.ru
8388,clerk.io
8390,parents.com
8397,csx.com
8400,meetup.com
8404,qless.com
8407,q2ebanking.com
8423,gbatemp.net
8441,flixbus.com
8448,tw1.ru
8460,rtl.fr
8462,siigo.com
8463,firstdata.com
8467,usopen.org
8468,zappit.gr
8482,stuff.co.nz
8485,trinidadexpress.com
8486,stroke.org
8495,airvisual.com
8519,vevida.com
8528,eiseverywhere.com
8529,facebook.de
8572,rawpixel.com
8584,idahostatesman.com
8585,k1pool.com
8588,hpsmart.com
8597,penfed.org
8598,tickettailor.com
8602,fgcu.edu
8604,apec.fr
8608,gsnutsandmags.com
8630,moosend.com
8634,xhwebsite5.com
8642,tomsguide.com
8669,bg3.co
8684,czech-tv.cz
8694,gizmodo.jp
8703,flippingbook.com
8713,dailycal.org
8727,google.ng
8733,wsp.com
8738,mvnrepository.com
8749,europcar.com
8750,smadex.com
8758,splashtop.eu
8764,dfg.de
8775,webglobe.sk
8782,care2.com
8783,chrysler.com
8813,courir.com
8818,lb.ua
8820,collegeconfidential.com
8824,bazar.bg
8830,techtimes.com
8831,biblio.com
8839,storj.io
8851,wink.com
8853,alcatelmobile.com
8882,aicpa.org
8894,unmc.edu
8909,xdaforums.com
8926,jpnn.com
8936,urbanic.com
8938,saharareporters.com
8948,gmu.edu
8949,highspot.com
8963,gptzero.me
8973,faroutmagazine.co.uk
8974,etsu.edu
8982,pitch.com
8992,tudn.com
8997,tiermaker.com
9002,nowtv.it
9008,metropoles.com
9015,vesti.kz
9020,nec.com
9026,vodafone.nl
9032,paycor.com
9041,snaptik.app
9055,iiasa.ac.at
9068,wildberries.ru
9100,assaabloy.com
9102,ingame.de
9103,tdc.no
9116,jojobet813.com
9130,dentsu.com
9132,withjoy.com
9137,themoviedb.org
9145,whc.ca
9149,zalando.be
9153,tudosaladeaula.com
9166,euronext.com
9171,ufs.ac.za
9173,x5.ru
9188,uni-bielefeld.de
9200,chomikuj.pl
9223,delink.de
9224,rtu.lv
9249,twt.it
9251,pronosoft.com
9254,nescafe.com
9257,telenor.dk
9260,hackernoon.com
9263,fashionphile.com
9275,rabobank.com
9288,royalcanin.com
9301,ecomz.net
9309,gsp.ro
9310,nationalreview.com
9312,real.com
9324,formstack.com
9327,bazos.sk
9328,upcloud.com
9333,2performant.com
9335,mitsubishicars.com
9345,startribune.com
9365,google.as
9373,nurseslabs.com
9382,google.com.bo
9421,imgur.com
9426,ulster.ac.uk
9441,tuwien.ac.at
9442,juniper.net
9454,suncountry.com
9455,jdrf.org
9458,casetify.com
9460,mathrubhumi.com
9464,argewebhosting.nl
9466,citigroup.com
9504,babycenter.com
9508,wpbakery.com
9519,benchmarkemail.com
9530,logic-immo.com
9534,lww.com
9554,eluniversal.com
9556,surveygizmo.eu
9558,transfermarkt.com
9562,yougov.co.uk
9563,tripadvisor.com.au
9578,stretchsquirrel.com
9590,control4.com
9607,exchangerates.org.uk
9611,matalan.co.uk
9612,rtx.com
9613,aircanada.com
9626,financial-ombudsman.org.uk
9630,yenisafak.com
9649,mindworks-creative.com
9659,google.ms
9672,hostinger.com.br
9673,synchronycredit.com
9686,freepress.net
9693,zoovu.com
9697,zellepay.com
9698,vogue.com
9700,voguebusiness.com
9702,oponeo.pl
9709,crossref.org
9722,oddsportal.com
9728,sport.de
9749,intrepidtravel.com
9762,starfieldtech.com
9766,karwei.nl
9779,riverisland.com
9784,asha.org
9794,walnum1.com
9809,sony.co.uk
9829,factable.com
9853,click2cart.com
9862,autoweek.com
9870,expediagroup.com
9888,jamsadr.com
9893,nbcwashington.com
9895,freightwaves.com
9927,globalnews.ca
9938,idealista.com
9948,softsurroundings.com
9949,gifdb.com
9953,vidoomy.com
9961,mention.com
9971,ehiweb.it
9977,startech.com
9980,game.co.uk
9981,gettyimages.de
9991,monash.edu
9993,eso.org
9997,postandcourier.com
10004,lego.com
10013,viralgains.com
10015,comhem.se
10020,renesas.com
10022,zerozero.pt
10038,meroiy.icu
10061,bngf.ru
10069,xhamster1.desi
10073,bcs.org
10079,fullscript.com
10088,tripleseat.com
10099,daraz.com
10102,reserveamerica.com
10122,g5e.com
10135,espinof.com
10145,any.do
10146,hellowork.com
10155,teerresults.com
10178,hmgroup.com
10193,srgssr.ch
10205,checkdomain.de
10219,kitapyurdu.com
10220,popculture.com
10231,sberbank-insurance.ru
10234,publitas.com
10239,pic-time.com
10258,sparteo.com
10260,navify.com
10293,lottiefiles.com
10297,routeapp.io
10302,localiza.com
10319,appexnw.com
10327,dailycaller.com
10331,melisa.lol
10332,jetblue.com
10338,foodallergy.org
10343,rover.com
10344,discogs.com
10348,xe.gr
10353,devolksbank.nl
10357,tapcart.com
10362,gx.me
10370,orange.fr
10376,primaryarms.com
10390,cjonline.com
10403,gartner.com
10413,augusta.edu
10417,viously.com
10418,anytrack.io
10429,gcorelabs.com
10434,ozerov.de
10444,sicnoticias.pt
10445,letu.ru
10449,gamesparks.net
10455,slate.fr
10459,bcg.com
10478,sundaysky.com
10479,answerthepublic.com
10480,affiliatly.com
10486,magna.com
10491,penki.lt
10492,surfeasy.com
10496,delishkitchen.tv
10499,clearcareonline.com
10530,menemenhaber.com.tr
10533,enscape3d.com
10541,wialon.com
10544,test.com
10559,globalfirepower.com
10583,neworleans.com
10600,psacard.com
10614,google.co.kr
10628,nvi.gov.tr
10630,winscp.net
10632,idealo.com
10638,turhost.com
10642,bcorporation.net
10644,guildwars.com
10646,sportspromedia.com
10650,mail-order-brides-russian.com
10665,bonniernews.se
10669,toptenreviews.com
10686,optimumdesk.com
10690,euskaltel.es
10703,verdi.de
10704,splunkcloud.com
10709,rcplatformhk.com
10745,coursera.org
10748,wooga.com
10753,gutekueche.at
10786,artnews.com
10789,pbwiki.com
10799,goldmycell.com
10803,vsb-costummercheckde.club
10809,poznan.pl
10813,liftoff.io
10818,msdn.com
10819,newspapers.com
10825,bitlabs.ai
10829,itmedia.co.jp
10840,datev.de
10847,home-connect.com
10848,espncdn.com
10851,emerson.edu
10855,magicmaman.com
10856,nexign.com
10859,smartway.today
10861,mutualart.com
10876,ac-dijon.fr
10884,xfernet.net
10888,google.com.tj
10890,unity.cn
10911,flow.ch
10916,amd.com
10921,scssoft.com
10922,ebizautos.net
10926,recordonline.com
10931,shahid.net
10935,labcorp.com
10936,puppet.com
10938,mobalytics.gg
10943,hel.fi
10952,moma.org
10970,zalando.se
10976,bonanza.com
10985,takeaway.com
10990,speedsmart.net
10994,druni.es
10998,getbring.com
11002,alteryx.com
11010,wheelofnames.com
11012,cognitivlabs.com
11042,nbcbayarea.com
11048,hourofcode.com
11049,microsoftstream.com
11058,bigcommerce.com
11066,mandarinoriental.com
11069,chess.com
11082,otis.com
11087,clutchpoints.com
11090,genpact.com
11096,idealista.pt
11099,argusleader.com
11100,sclpfybn.com
11101,fanshaweonline.ca
11104,amf-france.org
11113,kolkataff.in
11118,globalwebindex.net
11120,asta-net.pl
11128,clashofclans-layouts.com
11135,alastyr.com
11140,discoveryuk.com
11147,fandom.com
11183,artofmanliness.com
11193,companycam.com
11198,vitally.io
11221,pravilamag.ru
11224,vienna.at
11226,iss.it
11231,pandora.net
11236,txxx.com
11239,3u.net
11241,oreillyauto.com
11249,heraldscotland.com
11252,tvp.info
11269,synonym.com
11285,aveva.com
11288,intechopen.com
11291,kieskeurig.nl
11298,dpd.de
11299,flashscore.ro
11300,motherearthnews.com
11308,infostud.com
11314,testing.com
11328,sedo.com
11336,kinepolis.be
11339,boconcept.com
11341,kinja.com
11344,tld.sk
11347,brazzersnetwork.com
11362,dairyqueen.com
11367,appsflyer.com
11372,telekom.com
11374,saambaa.com
11380,pivigames.blog
11383,weathernews.jp
11387,as.me
11420,spectator.co.uk
11425,zooplus.it
11436,freenet-mobilfunk.de
11469,xunta.es
11484,abundo.se
11496,telkomsa.net
11500,bvg.de
11508,doordash.com
11510,pantheonsite.io
11517,mn.co
11535,smashinglogo.com
11539,fccn.pt
11553,tradetracker.net
11572,yoast.com
11589,correos.es
11601,kp.org
11606,sugardatingreview.com
11608,northropgrumman.com
11621,accessacloud.com
11623,pocpoc.io
11633,detroitlions.com
11640,remixshop.com
11644,quiknode.pro
11646,ilfattoquotidiano.it
11652,globest.com
11654,observador.pt
11660,ilgazzettino.it
11669,emedicinehealth.com
11672,transip.eu
11677,buzzoola.com
11686,polimi.it
11688,eurowings.com
11691,minitab.com
11702,gamepress.gg
11719,saucony.com
11725,airasia.com
11737,exportersindia.com
11742,prozis.com
11743,brillen.de
11768,ulakbim.gov.tr
11793,nobullproject.com
11816,tangiblee.com
11836,gamberorosso.it
11840,efsyn.gr
11841,mediacenter.hu
11847,nextgen.com
11851,chateauversailles.fr
11860,fera.ai
11864,trf1.jus.br
11873,mavi.com
11875,caci.com
11876,ai.google
11897,husqvarna.com
11899,metadata.io
11944,skoda-auto.com
11947,rollcall.com
11950,atlassian.com
11953,etam.com
11963,boy18tube.com
11982,savethechildren.net
11985,kalanda.net
11986,going.com
11993,iqair.com
11996,iris.tv
12007,pmc.com
12012,mapmyrun.com
12014,nanostream.cloud
12018,taniaksiazka.pl
12021,colibriwp.com
12028,xfreehub.com
12033,synerise.com
12039,uga.edu
12069,willyweather.com
12077,asianwiki.com
12085,littlecaesars.com
12088,dejure.org
12097,letudiant.fr
12113,googledomains.com
12114,healthhub.sg
12121,sport.ro
12122,nea-fast.com
12132,estacio.br
12142,isnet.net.tr
12144,lumenlearning.com
12145,washingtonexaminer.com
12163,tempo.io
12171,webroot.com
12204,thejc.com
12205,xlnk.ms
12208,unrealengine.com
12219,militarytimes.com
12237,make.com
12245,kiosked.com
12246,theringer.com
12253,halloweencostumes.com
12260,betflag.it
12271,invisalign.com
12272,earnin.com
12277,meteogroup.com
12284,toggl.com
12312,mailkit.eu
12324,cleversite.ru
12335,muscleandstrength.com
12348,aramco.com
12355,chamberofcommerce.com
12374,sermoncentral.com
12404,zimmo.be
12412,libsyn.com
12415,asco.org
12418,elheraldo.co
12419,ingbank.pl
12431,adtheorent.com
12432,amplifi.com
12437,autoscout24.ch
12450,lenar.hair
12465,eurocontrol.int
12472,ypes.gr
12483,simplilearn.com
12494,iccsafe.org
12500,radiozet.pl
12529,octopus.com
12535,tecnomat.it
12541,hostmonster.com
12550,kompasiana.com
12566,ligonier.org
12572,parcelforce.com
12575,dailytrust.com
12582,goodwe-power.com
12587,webcrawler.com
12588,influitive.com
12591,ancient-origins.net
12601,veve.com
12625,nottingham.ac.uk
12639,fff.fr
12640,getcubo.com
12644,lth.se
12651,forbes.com
12653,maerskline.com
12665,xszj.org
12678,imaging-resource.com
12690,carandmotor.gr
12691,gainesville.com
12699,google.com.ly
12703,public.app
12710,gimletmedia.com
12724,accenture.com
12725,onedayonly.co.za
12729,postscript.io
12748,hzcdn.com
12767,getletterpress.com
12768,loggi.com
12779,vinted.nl
12786,nu.edu
12798,yolasite.com
12807,allevents.in
12811,techhive.com
12813,tbsnews.net
12818,hentai-foundry.com
12825,realme.com
12832,milfroom.com
12838,pornone.com
12841,lasvegassun.com
12843,lohud.com
12850,solopornoitaliani.xxx
12853,replaypoker.com
12867,zn.ua
12868,openathens.net
12870,thetoc.gr
12875,testmy.net
12881,kpn.com
12920,sleepcycle.com
12921,bournemouthecho.co.uk
12922,afp.com
12927,jacobinmag.com
12932,smu.edu.sg
12933,treehugger.com
12936,usherbrooke.ca
12940,limo.media
12948,osnews.com
12957,google.pt
12977,ihs.com
12982,clevertap.com
12984,workday.com
12986,cropp.com
12997,polldaddy.com
13000,ocn.ne.jp
13011,fitchratings.com
13014,gizmochina.com
13031,motherjones.com
13047,icaew.com
13055,souspark.ru
13062,bigtitslust.com
13064,prometheanworld.com
13068,gaijinent.com
13076,trivago.co.uk
13079,rtp.pt
13100,freeprivacypolicy.com
13108,poperblocker.com
13124,sipri.org
13137,copy.ai
13142,bonprix.nl
13152,uniovi.es
13158,ulisboa.pt
13170,blog.gov.uk
13179,olx.ro
13194,ucp.pt
13198,gearjunkie.com
13204,nobelprize.org
13217,medpagetoday.com
13220,fastweb.it
13224,sciencedirect.com
13246,sazka.cz
13248,allianz.de
13252,dx.com
13303,jwplatform.com
13312,picrew.me
13325,moneyunder30.com
13330,sunset.com
13341,jetro.go.jp
13343,yallakora.com
13357,higherlogic.com
13361,toyota-europe.com
13369,post.ch
13370,wowt.com
13375,flazio.com
13382,vokrugsveta.ru
13391,hbomax.com
13400,lotteryusa.com
13408,ford-trucks.com
13420,muriel.makeup
13421,ulta.com
13422,dnnsoftware.com
13452,ugm.ac.id
13454,nrl.com
13457,hullcode.com
13460,hautetfort.com
13479,sitewit.com
13484,bhg.com
13507,farmrio.com.br
13516,atg.se
13535,revolve.com
13539,thetelegraphandargus.co.uk
13562,foresee.com
13573,crazypanda.games
13623,quickheal.com
13632,roller.de
13643,wgt.com
13644,gigabyte.com
13647,rainviewer.com
13651,papa2024.com
13665,insighttimer.com
13698,tagcommander.com
13718,tmz.com
13721,freeimages.com
13722,rijksmuseum.nl
13726,fctables.com
13728,dskdirect.bg
13737,dpgmedia.be
13743,goserver.host
13749,exler.ru
13765,pushwoosh.com
13768,hawksearch.com
13788,playwsop.com
13789,bambuser.io
13799,campaigner.com
13810,n-tv.de
13827,morrisdickson.com
13829,inteligo.pl
13840,adobeconnect.com
13844,richemont.com
13867,ownip.net
13872,doctoralia.com.br
13878,zerossl.com
13885,texashealth.org
13889,chainreactioncycles.com
13894,sendgrid.com
13898,free-power-point-templates.com
13921,niagahoster.com
13922,garnethill.com
13923,newson6.com
13930,baxter.com
13931,elindependiente.com
13936,parchment.com
13942,sanluisobispo.com
13958,aternity.com
13962,philadelphiaeagles.com
13967,betway.com
13970,ascap.com
13974,theblock.co
13983,vitalbook.com
13984,bouyguestelecom.fr
14002,newyorklife.com
14003,adsmoloco.com
14008,mega.cl
14018,bride-chat.com
14023,tvrain.ru
14030,conjur.com.br
14032,strem.io
14038,unipi.it
14059,flysas.com
14066,syr.edu
14079,quartier-rouge.be
14085,findagrave.com
14086,xxxlutz.de
14096,business-standard.com
14103,ionos.de
14113,nti.org
14128,comarch.pl
14138,kcrg.com
14168,ama.org
14172,bytebrew.io
14177,webster.edu
14192,shopify.com
14210,sutterhealth.org
14221,wayfair.co.uk
14222,yellowpages.com.au
14283,ideo.com
14285,virginatlantic.com
14286,autotrader.com
14308,rohde-schwarz.com
14312,nginx.com
14317,cavai.com
14326,holidayinn.com
14331,glamourmagazine.co.uk
14332,soloway.ru
14334,chromium.org
14358,gadu-gadu.pl
14364,khoros.com
14382,fullspace.ru
14400,newshosting.com
14403,cloudimg.io
14407,cricut.com
14409,tv5monde.com
14414,collegenet.com
14419,htmlcolorcodes.com
14433,grover.com
14438,datagroup.ua
14442,apmex.com
14457,retty.me
14475,yapikredi.com.tr
14484,womenshealthmag.com
14492,gonoodle.com
14498,megaxh.com
14504,vynetrellis.com
14505,builder.io
14520,bangkokbiznews.com
14559,appmedia.jp
14561,loves.com
14564,gigafile.nu
14566,genengnews.com
14572,physicsandmathstutor.com
14594,xskt.com.vn
14605,bradsdeals.com
14606,affinity.com
14612,emojis.wiki
14631,pokerstars.eu
14634,restoran.ru
14636,absa.co.za
14673,online-stopwatch.com
14677,ft.com
14684,boosty.to
14703,mmodal.com
14709,betcityru.com
14717,tableausoftware.com
14719,le360.ma
14729,codata.pb.gov.br
14737,sumologic.com
14752,goal.com
14761,jwu.edu
14777,what3words.com
14784,kefir.games
14791,aawsat.com
14805,williamhill.com
14806,traveloffpath.com
14812,bca.co.id
14814,shopltk.com
14815,couchsurfing.com
14834,stiripesurse.ro
14840,imfdb.org
14845,lsu.edu
14881,sieg.com
14885,kodak.com
14892,elte.hu
14903,thebalancecareers.com
14921,blackbaud.com
14926,inmotionhosting.com
14927,imprdom.com
14937,animate-onlineshop.jp
14940,exodus.com
14943,urjc.es
14946,cdkeys.com
14960,caixabank.es
14962,agilent.com
14971,baddiehub.com
14989,frankfurt-airport.com
15003,uiscom.ru
15007,angloamerican.com
15017,cinsarmy.com
15041,martina.quest
15043,justanswer.com
15045,record.pt
15078,singtel.com
15080,e3dc.com
15083,macupdate.com
15088,sweden.se
15089,wordunscrambler.me
15104,telegraf.com.ua
15108,hathitrust.org
15115,zerotier.com
15125,du-just-link.com
15130,mediaset.it
15134,intersport.de
15143,altroconsumo.it
15146,deduce.com
15150,purposegames.com
15151,ubaldi.com
15154,findabrides.com
15157,zello.com
15158,fieldglass.net
15171,nhl.com
15176,redbookmag.com
15179,harvardmagazine.com
15183,grammarly.net
15189,about.google
15196,flashscore.de
15205,jci.com
15208,budgetbytes.com
15212,etrusted.com
15214,tf1.fr
15222,lucushost.com
15225,unibuc.ro
15246,utorrent.com
15252,bradenton.com
15253,claroty.com
15262,ladypopular.com
15274,ebay.ca
15281,xatakandroid.com
15293,kwalee.com
15299,surahquran.com
15302,network-n.com
15311,google.am
15312,fluentinsaying.com
15323,nortoncdn.com
15325,tipico.de
15338,metaquotes.net
15345,ketquaveso.mobi
15347,truemoney.com
15384,ga.com
15409,arborday.org
15416,autoscout24.com
15417,youngliving.com
15418,olx.pl
15419,printix.net
15436,arcgames.com
15445,ernstings-family.de
15454,vsemayki.ru
15467,mmc.com
15471,icafecloud.com
15475,yves-rocher.fr
15476,illinois.edu
15478,ionos.es
15481,getbynder.com
15498,jet2.com
15503,ukfast.co.uk
15507,sonatype.com
15508,unicamp.br
15530,google.gm
15533,callawaygolf.com
15535,motorolamobility.com
15536,adsinteractive.com
15545,webnovel.com
15571,telemadrid.es
15594,visitfinland.com
15595,unibet.com
15602,balsamhill.com
15608,neoseeker.com
15616,beamng.com
15639,mastercard.com
15666,scarlet.be
15667,tugraz.at
15672,supreme.com
15673,campusfrance.org
15680,haberglobal.com.tr
15689,theeventscalendar.com
15715,netlify.com
15717,htwk-leipzig.de
15720,delfi.ee
15729,numericable.fr
15734,idcrawl.com
15742,anobii.com
15757,gatwickairport.com
15760,hollywoodlife.com
15761,hetrixtools.net
15765,chessable.com
15772,psychologies.com
15795,buzzarab.com
15807,uxdesign.cc
15839,mindtickle.com
15841,atptour.com
15853,centos-webpanel.com
15854,hotelkit.net
15877,incomm.com
15900,nwzonline.de
15906,lwlcom.net
15916,contentful.com
15917,vunesp.com.br
15922,ns.nl
15936,yesstyle.com
15941,cmp-gaming.com
15955,telegraph.co.uk
15985,vgchartz.com
15994,nic.es
16022,stm.info
16030,adsbexchange.com
16034,improvedigital.com
16038,emojipedia.org
16046,admixer.net
16050,nation.co.ke
16054,scientificamerican.com
16062,advancedcustomfields.com
16063,ironman.com
16067,comingsoon.it
16075,hostprofis.com
16078,truthfinder.com
16082,iphotel.com.br
16093,delcampe.net
16109,doxygen.org
16118,chatelaine.com
16124,animesoku.com
16127,plex.tv
16136,kurir.rs
16137,outbrain.com
16138,enduringword.com
16140,spartoo.com
16145,data.lt
16147,hellomolly.com
16150,transportenvironment.org
16159,groupon.co.uk
16162,marieclaire.ru
16167,centertel.pl
16170,carrefoursa.com
16174,moz.com
16181,ladbrokes.com
16182,petronas.com
16184,now.gg
16187,servicechannel.com
16195,commbank.com.au
16229,zbiornik.tv
16231,greenme.it
16235,theweathernetwork.com
16237,inforum.com
16271,orbitz.com
16273,blablacar.ru
16285,mashery.com
16291,centralmaine.com
16296,avira.net
16320,the-sun.com
16361,globalplayer.com
16362,hibu.com
16373,videohive.net
16376,thebicestercollection.com
16378,mailorderasianbrides.org
16384,alternativeto.net
16388,satta-king-up.com
16399,qz.com
16411,gate.shop
16413,neweracap.com
16419,equibase.com
16438,metafilter.com
16439,back4app.com
16443,slazenger.com.tr
16446,we.tl
16451,unil.ch
16459,ezsitehost.com
16461,icom.museum
16466,loteriasyapuestas.es
16476,cntraveller.com
16490,vymaps.com
16520,thecommonwealth.org
16524,chop.edu
16542,ruelala.com
16547,casalemedia.com
16553,intel.com
16578,elderscrollsonline.com
16595,decathlon.co.uk
16599,clickdimensions.com
16615,yakaboo.ua
16622,podscribe.com
16626,gdeslon.ru
16658,clinicalkey.com
16665,zattoo.com
16680,wisc.edu
16691,interrail.eu
16698,google.co.il
16709,airvistara.com
16724,internazionale.it
16725,idexx.com
16729,xenial.com
16736,canon-europe.com
16737,rki.de
16756,newvoicemedia.com
16759,kansascity.com
16762,rappi.com.br
16766,oliveyoung.com
16773,huji.ac.il
16793,donaukurier.de
16796,dotomi.com
16811,vikings.com
16821,mycentraljersey.com
16827,u-blox.com
16844,mediafire.com
16851,fdating.com
16854,astonmartin.com
16857,fairphone.com
16859,agency2.ru
16866,scan.co.uk
16869,kantarmedia.com
16880,preprints.org
16883,totaladblock.com
16885,allianz.com
16897,onelink-edge.com
16908,moodle.com
16932,spareroom.co.uk
16940,seg-social.es
16942,adidas.co.in
16964,iconarchive.com
16967,wise.com
16979,avnet.com
16982,ingate.ru
16998,bookcreator.com
17010,google.com.sb
17018,u-bordeaux.fr
17019,nic.sh
17031,easyjet.com
17032,mollie.com
17034,sponichi.co.jp
17035,1cupis.ru
17044,airslate.com
17050,liv.ac.uk
17059,footasylum.com
17061,plymouth.ac.uk
17064,august.com
17068,unica.ro
17084,relevo.com
17093,itsfoss.com
17096,smith.edu
17111,t.ly
17126,uniview.com
17140,fentybeauty.com
17154,lne.es
17158,wbay.com
17181,yourdiy.com
17203,regzone.cz
17213,archinect.com
17214,serasaexperian.com.br
17252,betterhelp.com
17270,mopub.com
17274,jaxa.jp
17281,ibge.gov.br
17292,nmas.com.mx
17296,myasiantv.ac
17303,manysex.com
17343,freepik.com
17344,outbyte.com
17352,revlifter.com
17360,redbull.com
17362,nazwa.pl
17382,itau.com.br
17392,severstal.com
17394,hexonet.net
17426,centralesupelec.fr
17430,herminahospitals.com
17440,akuvox.com
17465,scrapbook.com
17467,erau.edu
17474,aplus.net
17485,bluip.com
17492,jastrzabpost.pl
17500,tenablesecurity.com
17519,ecosia.org
17547,fangraphs.com
17551,satta-king-fast.com
17556,cardinalhealth.com
17563,adwile.com
17573,bgeneral.com
17577,sika.com
17610,proiezionidiborsa.it
17617,hackaday.io
17620,gg.bet
17623,grab.com
17629,servicenow.com
17632,local3news.com
17636,dnb.nl
17647,ebay.fr
17653,mindtools.com
17665,windriver.com
17680,evga.com
17681,ancestry.com.au
17682,viator.com
17698,forumotion.com
17704,google.mu
17708,danviet.vn
17709,almayadeen.net
17715,imaginelearning.com
17717,domenai.lt
17719,alldating4u.com
17721,taxify.eu
17723,autoblog.com
17725,southampton.ac.uk
17741,jbtg888.com
17752,vov.vn
17756,lu.se
17759,netcraft.com
17761,reasonsecurity.com
17774,jvc.com
17776,kpmg.com
17779,nhsbsa.nhs.uk
17799,iso.ch
17805,g4media.ro
17807,vivox.com
17816,iovation.com
17827,podomatic.com
17828,dobro.ru
17834,levonline.com
17836,idnes.cz
17848,iarc.fr
17849,psi.net
17886,consumentenbond.nl
17907,carid.com
17916,tivuon.tv
17926,journalnow.com
17935,techdata.com
17945,ncloud.es
17947,kissflow.com
17952,mingle2.com
17955,cityam.com
17963,teenee.com
17967,newsbomb.gr
17968,techradar.com
17973,interactivebrokers.com
17985,greetz.nl
17987,livecareer.com
17996,nporadio1.nl
17997,joemonster.org
18005,trustedhousesitters.com
18010,uclahealth.org
18021,reportlinker.com
18025,denniskirk.com
18033,pdffiller.com
18038,factset.com
18044,tacklewarehouse.com
18059,creatio.com
18070,sparebank1.no
18076,mae.ro
18119,etnet.com.hk
18121,menulog.com.au
18123,nplus1.ru
18131,cch.com
18135,targeo.pl
18142,nextcapital.com
18148,nelly.homes
18167,playwire.com
18172,lancs.ac.uk
18176,gfsrv.net
18181,gcu.edu
18194,passportalmsp.com
18209,learncbse.in
18214,reverso.net
18221,onetz.de
18227,pirelli.com
18229,wannafind.dk
18244,dailypost.ng
18257,ordnancesurvey.co.uk
18262,buzzle.com
18265,dailypost.co.uk
18268,contentmarketinginstitute.com
18272,elfcosmetics.com
18273,coindesk.com
18275,americatv.com.pe
18276,netclusive.de
18291,google.nl
18293,rapid7.com
18298,useinsider.com
18308,mnetplus.world
18312,inquisitr.com
18313,wgplayer.com
18331,aanda.org
18336,lolchess.gg
18337,discovercars.com
18348,dadpatrol.com
18382,eyebuydirect.com
18386,diariodecadiz.es
18390,segmentify.com
18393,medscape.com
18398,google.cg
18407,overture.com
18412,tennis-warehouse.com
18418,vrt.be
18423,voyado.com
18433,greatassignmenthelp.com
18438,mordorintelligence.com
18444,thelancet.com
18445,clarionledger.com
18468,sitelike.org
18471,meteo.it
18476,contactpigeon.com
18492,nttdata.com
18493,infor.com
18500,google.ie
18538,domenus.ru
18541,lyreco.com
18552,serato.com
18562,forum2x2.ru
18570,zipcar.com
18616,idownloadblog.com
18620,lifepointspanel.com
18634,audible.co.uk
18635,thewirecutter.com
18638,belwest.by
18639,sunrun.com
18641,flocktory.com
18654,wunderweib.de
18675,thesaurus.com
18686,lifeandstylemag.com
18690,cannondale.com
18691,timepad.ru
18707,joblo.com
18719,loox.io
18734,vinted.fr
18749,vivaaerobus.com
18764,kamugundemi.com
18766,rapidswitch.com
18817,wilsoncenter.org
18820,filmaffinity.com
18828,registerguard.com
18834,clubmahindra.com
18849,yoomoney.ru
18860,has-sante.fr
18861,yollacalls.com
18863,skyandtelescope.com
18872,elion.ee
18875,cope.es
18886,kingsoft.jp
18903,lidl.pl
18914,mender.io
18915,google.bt
18919,robi.com.bd
18921,systemrequirementslab.com
18936,outletcity.com
18938,exceedlms.com
18946,getadmiral.com
18947,n-kishou.co.jp
18953,capgemini.com
18954,thescore.bet
18958,camcom.it
18969,wilko.com
18977,dtu.dk
18987,3djuegos.com
18989,astm.org
18991,filmdaily.co
18999,exxonmobil.com
19014,betaseries.com
19017,alltrails.com
19032,adamo.es
19037,mgoblue.com
19040,pingdom.net
19048,kueez.com
19050,swisspass.ch
19056,rontar.com
19068,maaf.fr
19079,bernerzeitung.ch
19082,flashscore.ua
19098,flyingtiger.com
19110,sap.com
19116,ap.org
19130,tripadvisor.com.ar
19145,trustradius.com
19146,supercitygame.com
19148,soccerstand.com
19170,vitra.com
19173,wwf.org.uk
19179,4kpornvideos.tv
19182,espn.com.au
19208,ifit.com
19209,pampers.com.br
19233,saechsische.de
19243,lyrahealth.com
19255,credit-agricole.fr
19266,sport1.de
19269,tanda.co
19270,trakstar.com
19272,procore.com
19293,theperfumeshop.com
19313,livejapan.com
19328,listverse.com
19334,9292.nl
19336,pdga.com
19344,uoa.gr
19350,eon.com
19362,ingenico.com
19363,lexis.com
19369,classdojo.com
19371,stamps.com
19379,kmart.com
19385,meaww.com
19406,thelibertydaily.com
19444,thiememeulenhoff.nl
19455,mysterium.network
19456,cooley.com
19457,sweettooth.io
19460,onvista.de
19462,aau.dk
19464,redflagdeals.com
19475,motor-talk.de
19490,bongacams26.com
19515,zayo.com
19523,vidyard.com
19524,nationalcar.com
19525,cartrawler.com
19528,rapha.cc
19540,stakingsmile.com
19563,amnesty.org.uk
19568,getaround.com
19572,transfermarkt.de
19574,kalunga.com.br
19590,europapark.de
19601,hipi.co.in
19608,bravotv.com
19628,zalando.it
19630,lindependant.fr
19635,yesware.com
19638,ap7am.com
19640,dawn.com
19643,liverpoolfc.com
19650,data.ai
19653,dice.fm
19659,bcu.ac.uk
19664,crickettimes.com
19666,latex-project.org
19677,brigitte.de
19687,kith.com
19690,abbott.com
19692,airbnb.de
19697,telset.ee
19710,ppcprotect.com
19715,66.ru
19716,headout.com
19717,smartocto.com
19726,expansion.mx
19732,freebitco.in
19737,paramount.tech
19747,okko.tv
19748,rockler.com
19775,genyt.net
19800,jumpcloud.com
19821,hoteis.com
19824,swatch.com
19834,pitchero.com
19845,nationalworld.com
19852,twitter.com
19853,arbolabc.com
19885,diabetesjournals.org
19887,smh.com.au
19894,franceinter.fr
19909,zeotap.com
19953,nero.com
19955,response.jp
19960,certum.pl
19980,carrier.com
20000,copernicus.eu
20005,sparknotes.com
20007,appypie.com
20043,digitalinsight.com
20061,teradyne.com
20070,nishinippon.co.jp
20074,whogohost.com
20079,tds.net
20081,lada.ru
20095,royalsociety.org
20107,stoloto.ru
20128,promod.fr
20137,videotxxx.com
20138,redefine.pl
20155,relive.cc
20165,northwesternmutual.com
20168,extreme.digital
20170,media.io
20179,torrentsmd.com
20190,fundraiseup.com
20196,sugar-daddies.us
20203,latech.edu
20207,whec.com
20211,drogariasaopaulo.com.br
20214,xxxmovies.life
20218,financesonline.com
20226,univ-nantes.fr
20261,ebony8.com
20271,tinybeans.com
20277,xxlmag.com
20289,syseleven.net
20295,xh.video
20298,serif.com
20301,houseoffraser.co.uk
20309,cinematoday.jp
20320,sourcegraph.com
20321,routledge.com
20322,allabolag.se
20325,amazon.nl
20331,hilti.com
20332,salk.edu
20347,hetzner.cloud
20358,slack.com
20360,aldi.co.uk
20366,scican.com
20375,vladcazino.ro
20377,springernature.com
20380,acs.org
20392,home.saxo
20424,amctheatres.com
20432,tivo.com
20439,yettel.hu
20447,archdaily.com
20455,kuehne-nagel.com
20457,sts.pl
20489,metro-set.ru
20515,octobrowser.net
20525,health.com
20526,moneyman.ru
20532,forgeofempires.com
20534,hiverhq.com
20538,crikey.com.au
20559,inews.id
20577,sunbeltsoftware.com
20578,businessmirror.com.ph
20581,imperial.ac.uk
20583,phosagro.ru
20584,databank.com
20606,hrp.org.uk
20617,friday.ru
20628,productmadness.com
20631,rdcu.be
20635,ndtv.in
20637,gobrides.net
20656,vertafore.com
20657,japanesemailorderbride.com
20658,tlife.gr
20664,flixster.com
20677,fornet3.com
20691,whiskeyriff.com
20696,thsrc.com.tw
20698,di-di.ru
20710,tjmg.jus.br
20711,calldorado.com
20719,atrungroi.com
20720,croxyproxy.com
20724,diabetes.org.uk
20737,hosteurope.de
20754,google.co.jp
20774,uvsq.fr
20776,trustpilot.net
20793,lenzmx.com
20794,pastemagazine.com
20802,fpjs.io
20806,designmodo.com
20821,poranny.pl
20825,edmodo.com
20833,akerat.com
20841,premierinc.com
20844,laopiniondemalaga.es
20848,loadbee.com
20851,shindanmaker.com
20855,eos.org
20862,qr-code-generator.com
20867,interaction-design.org
20871,climateactiontracker.org
20873,as.com
20877,tatar.ru
20878,paloaltonetworks.com
20879,thursdayboots.com
20885,bitstamp.net
20899,bbva.mx
20911,juris.de
20922,sigmapool.com
20925,telphin.ru
20931,incognia.com
20936,nexica.com
20939,iccwbo.org
20944,ezoic.com
20960,brusselsairlines.com
20973,rdstation.com
20976,ageuk.org.uk
20980,steamcommunity.com
20993,ef.com
21006,gametwist.com
21014,savvas.com
21016,terminix.com
21019,hinet.net
21025,alkamitech.com
21026,laurel.lol
21034,thesims3.com
21043,xfreehd.com
21056,desjardins.com
21058,xpo.com
21067,cnes.fr
21072,upsellit.com
21078,biospace.com
21082,sanook.com
21094,eiu.com
21095,colourlovers.com
21118,bidscube.com
21124,bing.com
21128,casadellibro.com
21133,sonymobile.com
21137,designbundles.net
21151,holmesmind.com
21155,iberdrola.es
21159,grandforksherald.com
21163,podigee.io
21169,goodtherapy.org
21171,clinch.co
21173,mixi.jp
21183,knack.be
21192,gamemaker.io
21196,magisto.com
21199,iplocation.net
21203,pge.com
21221,estadiodeportivo.com
21222,meetme.com
21224,newsbtc.com
21247,mediamarkt.de
21250,inquirer.net
21252,infofer.ro
21276,netmera.com
21277,notalwaysright.com
21281,phantombuster.com
21284,google.dk
21289,breitling.com
21293,dji.com
21296,gigaserver.cz
21297,golfnow.com
21300,mathworks.com
21301,pfcloud.io
21315,baseballchannel.jp
21320,programme-television.org
21328,niadd.com
21332,ziftsolutions.com
21341,9gag.com
21345,ibtimes.com
21351,screenmeet.com
21356,swisslos.ch
21361,dewalt.com
21369,schoox.com
21384,kwai.net
21386,xataka.com
21409,getmetrical.com
21413,wordplays.com
21419,uclouvain.be
21443,topsugardaddy.net
21450,marinha.mil.br
21461,sabesp.com.br
21467,leidenuniv.nl
21476,iberia.com
21477,dostavista.ru
21485,pornogratisdiario.com
21502,pixieset.com
21532,yemeksepeti.com
21536,take2games.com
21552,tokyvideo.com
21553,invitedclubs.com
21559,sevenrooms.com
21561,evaair.com
21563,infinityfree.com
21564,parool.nl
21571,ebu.ch
21596,yourmailorderbride.com
21612,gov.uk
21623,epicor.com
21626,fourfourtwo.com
21628,astaro.com
21630,toei-anim.co.jp
21632,egger.com
21650,wsvn.com
21652,ball.com
21658,ua.pt
21669,studiesweekly.com
21672,atruvia.de
21673,itsthevibe.com
21679,announcekit.app
21687,magticom.ge
21692,bradesco.com.br
21707,fattoincasadabenedetta.it
21712,toureiffel.paris
21737,tubitak.gov.tr
21739,sharethis.com
21741,quicken.com
21743,cryptonews.com
21747,pmg.com
21751,thnic.co.th
21752,merrell.com
21760,zeturf.fr
21768,mytransgenderdate.com
21772,google.com.kh
21792,plosone.org
21795,thenationalnews.com
21799,spar-nn.ru
21806,logmein.com
21816,cloudns.net
21817,usgbc.org
21824,opti-digital.com
21827,1and1.co.uk
21842,naturalis.nl
21845,ole.com.ar
21850,1800flowers.com
21855,tvonenews.com
21856,itworld.com
21862,usmagazine.com
21863,accesstrade.vn
21874,iolo.net
21882,lookfantastic.com
21897,ifad.org
21898,justworks.com
21921,insta360.com
21930,thegazette.com
21934,lawrence.com
21959,edn.com
21960,ecdns.net
21983,diariocordoba.com
21992,broker.ru
21999,overwolf.com
22005,brilliantearth.com
22016,xhchannel.com
22017,serialssolutions.com
22018,tata.com
22033,pgatoursuperstore.com
22045,dbschenker.com
22048,partzilla.com
22056,envybox.io
22058,mymodernmet.com
22075,optisigns.com
22102,gizmodo.com
22104,au.dk
22120,marianne.net
22121,750g.com
22150,sumup.net
22163,sendtonews.com
22180,sectigo.com
22182,mercadopago.com.co
22196,3.dk
22197,astrologyanswers.com
22211,alcatel-lucent.com
22222,magazinevoce.com.br
22224,merkur.de
22234,intercomcdn.com
22242,infogram.com
22251,kwestiasmaku.com
22255,hsbc.com
22259,autotrac-online.com.br
22279,weforum.org
22280,acc.org
22287,topdocumentaryfilms.com
22298,getvideostream.com
22303,xhtree.com
22326,hostland.ru
22339,thewhiskyexchange.com
22340,moneta.ru
22368,c-sharpcorner.com
22372,allabout.co.jp
22378,designcrowd.com
22404,nosv.org
22415,tkmaxx.com
22437,geforcenow.com
22446,steamcharts.com
22454,nikkei225jp.com
22458,ccbchurch.com
22468,theweek.in
22469,webfaction.com
22472,abercrombie.com
22473,tvinsider.com
22490,cienradios.com
22507,lucidchart.com
22526,hkust.edu.hk
22545,sliide.cloud
22546,msi.com
22550,iij.ad.jp
22556,sitiosecuador.com
22569,audials.com
22588,childline.org.uk
22590,theinquirer.net
22591,onlinepbx.ru
22611,telegraf.rs
22644,shure.com
22653,si.com
22666,snyk.io
22696,sabq.org
22709,bafin.de
22713,icons8.com
22717,prnewswire.com
22719,ala.org
22738,magazineluiza.com.br
22741,terrikon.com
22770,adidas.it
22791,senac.br
22796,foxit.com
22812,atlantichealth.org
22815,gayporno.fm
22820,vw.com
22824,holax.io
22825,costacoffee.com
22830,sssinstagram.com
22832,belka-games.com
22839,nacionalloteria.es
22842,larazon.es
22845,freshdesk.com
22851,birkenstock.com
22852,blackfriday.com
22870,bnr.nl
22873,haendlerbund.de
22883,woodmac.com
22888,cbf.com.br
22891,madmimi.com
22895,cofc.edu
22901,rssc.com
22903,volatilevessel.com
22904,quechoisir.org
22907,nethinks.com
22925,simpli.fi
22932,managebuilding.com
22934,smartinfoplanet.com
22953,tayyarijeetki.in
22954,videoly.co
22955,twit.tv
22956,visitabudhabi.ae
22974,advancedmd.com
22984,olark.com
22996,adm.com
22997,dispatch.com
22998,google.gl
23015,bolavip.com
23021,play2048.co
23022,very.co.uk
23024,upv.es
23040,flashscore.pe
23041,geni.com
23045,dresden.de
23054,apkmody.com
23056,himasoku.com
23080,asianews.it
23081,musixmatch.com
23085,brightline.tv
23093,t3.com
23095,linguee.fr
23099,worldofwarships.com
23108,fabfitfun.com
23113,unionleader.com
23116,turingvideo.com
23129,lexware.de
23149,cookiebot.eu
23162,southparkstudios.com
23167,wlv.ac.uk
23170,plausible.io
23180,agendaweb.org
23185,fairisaac.com
23191,uci.org
23197,highsnobiety.com
23203,dvdvideosoft.com
23208,portavolantino.it
23210,sepe.es
23217,doubleucasino.com
23226,kreiszeitung.de
23238,vocento.com
23245,ntv.co.jp
23258,cfigroup.com
23263,theworks.co.uk
23270,hivehome.com
23279,xatakamovil.com
23294,venmo.com
23301,peakdesign.com
23314,hhmi.org
23315,2dehands.be
23330,wongnai.com
23331,delawareonline.com
23335,f-secure.com
23363,intelbras.com.br
23366,lotus.com
23369,open-telekom-cloud.com
23370,ebscohost.com
23386,thenation.com
23391,g-star.com
23404,eyefinity.com
23409,az24.vn
23427,breakingdefense.com
23430,myspringfield.com
23436,uwa.edu.au
23441,phys.org
23449,aktualne.cz
23456,moneydesktop.com
23465,kinoteatr.club
23473,ipcamlive.com
23475,reallygoodemails.com
23476,aleks.com
23478,backpacker.com
23479,euid.eu
23482,bnr.bg
23483,spidersweb.pl
23497,bestdatingsitesforover40.org
23514,danone.com
23517,skyeng.ru
23527,hotellook.com
23536,growkudos.com
23544,tryinteract.com
23553,ilex.by
23565,derstandard.de
23570,yad.com
23571,pushd.com
23585,siepomaga.pl
23593,think-cell.com
23601,paychex.com
23603,dilbert.com
23607,zee5.com
23625,furaffinity.net
23626,foreks.com
23629,obed.ru
23638,skuola.net
23639,summonersky.com
23646,exness.com
23648,ableton.com
23652,designmag.it
23726,wansecurity.com
23743,milestoneinternet.com
23756,c40.org
23761,oliverwyman.com
23764,googleplus.com
23798,alza.cz
23802,hardcoregamer.com
23813,capitaloneshopping.com
23814,voici.fr
23815,flocksafety.com
23818,mercycorps.org
23824,playoverwatch.com
23844,litres.ru
23850,planethoster.net
23851,nyti.ms
23853,wemod.com
23858,dm.de
23878,telekom.rs
23888,unfpa.org
23892,inderscience.com
23897,catchtiger.com
23907,menlosecurity.com
23914,zooplus.es
23918,atlantablackstar.com
23920,barbican.org.uk
23921,c6bank.app
23925,anthropologie.com
23940,infonet.ee
23947,polito.it
23962,jdownloader.org
23963,vetstreet.com
23966,rabota.ru
23970,nikon.com
23971,storytel.com
23976,stockx.com
23983,jagran.com
24007,adalyser.com
24009,noveltoon.mobi
24011,thepetitionsite.com
24014,vyond.com
24023,coventry.ac.uk
24043,soriana.com
24046,americansongwriter.com
24066,yankeecandle.com
24074,thisismoney.co.uk
24082,oddschecker.com
24095,google.com.tn
24099,perfectgame.org
24106,sweatco.in
24110,pm.by
24114,relish.com
24123,richmond.edu
24124,comedycentral.com
24130,linuxjournal.com
24141,burgerking.com.br
24166,zamzar.com
24173,toyota.co.uk
24179,everymac.com
24193,azcentral.com
24247,digiday.com
24255,videosdemadurasx.com
24257,google.com.hk
24261,scifi.com
24262,criteo.com
24269,vsp.com
24273,woodlandtrust.org.uk
24283,vaisala.com
24285,hs-sites.com
24287,nicoler.lol
24318,ikentoo.com
24321,netcologne.de
24345,debenhams.com
24357,chevron.com
24372,lumapps.com
24375,androidcentral.com
24388,writer.com
24403,lenovo.com
24416,wam.ae
24418,bd-pratidin.com
24426,corsair.com
24431,familie.de
24432,onthebeach.co.uk
24442,niu.edu
24447,officeholidays.com
24451,top.pl
24454,skyscanner.de
24469,wrangler.com
24470,thestandard.com.hk
24475,avtoradio.ru
24476,infonaturalinsight.com
24480,yoursix.com
24484,ul.ie
24485,livelib.ru
24504,mljt.tech
24516,homegoods.com
24520,learnworlds.com
24521,global.abb
24523,depauw.edu
24535,suaramerdeka.com
24539,veritas.com
24552,airbnb.co.uk
24553,revistaforum.com.br
24559,onfeetnation.com
24561,ansys.com
24595,neogov.com
24599,rackspace.com
24630,defacto.com.tr
24635,b2b-center.ru
24639,plejada.pl
24643,join.me
24662,betcity.by
24688,lolesports.com
24690,skift.com
24702,bigmama.network
24710,goo.gl
24717,fortnitetracker.com
24725,propellerads.com
24739,vnc.com
24753,cleanipedia.com
24758,abola.pt
24761,easybrain.com
24772,semo.edu
24779,swan.sk
24791,gamemonetize.com
24803,bidsxplayer.com
24809,accesswire.com
24814,vietjack.me
24817,robertdyas.co.uk
24823,eadt.co.uk
24828,cosmos.network
24829,bnymellon.com
24842,academyart.edu
24846,sfist.com
24849,theplayerstribune.com
24852,mentalfloss.com
24863,wordfence.com
24864,embedit.cz
24877,uidaho.edu
24879,skillbox.ru
24883,mediotiempo.com
24889,uk.com
24895,availity.com
24897,inrae.fr
24902,novinite.com
24905,iobit.com
24907,nos.nl
24920,ibtimes.co.in
24942,hc.ru
24960,demandbase.com
24961,belmond.com
24983,endnote.com
24990,idealhome.co.uk
24994,netdoktor.de
24998,rottentomatoes.com
25001,netkeiba.com
25002,pewsocialtrends.org
25003,zerochan.net
25008,americantowns.com
25009,unleash-hosted.com
25012,nyit.edu
25016,drhorton.com
25024,polsatsport.pl
25028,blutv.com
25057,voxus.tv
25069,apotheken-umschau.de
25097,bobvila.com
25100,uic.edu
25134,promart.pe
25143,elcorreo.com
25146,cradlewise.com
25151,roadandtrack.com
25161,stamped.io
25175,iherb.io
25196,jet.su
25202,chng.it
25211,elementor.com
25232,google.com.gh
25247,holley.com
25250,iwin.com
25253,cochranelibrary.com
25264,dashamail.ru
25274,piraeusbank.gr
25280,cma-cgm.com
25295,videospornogratisx.net
25298,foodrepublic.com
25308,lystit.com
25315,tni.org
25327,vecteezy.com
25328,omnibees.com
25340,dailysabah.com
25343,hostasaurus.com
25346,itech-group.ru
25350,videobyte.com
25353,sim-networks.com
25363,spotify.link
25385,construction.com
25386,daswetter.com
25403,modcombo.com
25405,ispot.tv
25408,tidiochat.com
25413,omsystem.com
25414,olx.in
25439,mlg.ru
25442,akzonobel.com
25450,pex.jp
25455,midilibre.fr
25487,gastronom.ru
25505,sogaz.ru
25521,snapinsta.io
25522,kbc.be
25548,npl.co.uk
25568,unipa.it
25570,stjohns.edu
25572,timetoast.com
25582,avastbrowser.com
25598,peacocktv.com
25601,smartrecruiters.com
25606,conrad.com
25625,showmax.com
25647,gouvernement.fr
25650,lincoln.ac.uk
25651,lalsace.fr
25656,alhurra.com
25657,blancheporte.fr
25661,rcbcy.com
25666,wysiwyg.de
25677,barcelo.com
25680,rlsnet.ru
25684,vitals.com
25698,mangahasu.se
25707,hands.com.br
25710,kimovil.com
25718,iflat.ru
25725,heyzap.com
25741,onlamp.com
25748,naukri.com
25751,unibas.ch
25760,cruzeirodosul.edu.br
25765,myfitnesspal.com
25776,thetradedesk.com
25780,front.com
25781,rosalinux.ru
25794,designmuseum.org
25800,go-vip.net
25833,rackforest.hu
25836,hulkshare.com
25842,zennioptical.com
25847,ldlc.com
25876,mongodb.org
25937,hrbreakingnews.com
25940,iberostar.com
25944,egm.gov.tr
25948,myharmony.com
25952,myqnapcloud.cn
25955,brocabrac.fr
25961,syse.no
25974,goodmenproject.com
25981,tsn.ua
26004,itglobal.com
26016,findaya.co.id
26027,monster.de
26029,radiopublic.com
26050,makemytrip.com
26053,fullstory.com
26060,signnow.com
26068,forocoches.com
26077,liberation.fr
26086,lighting.com
26088,remarkable.com
26114,uwsp.edu
26120,totango.com
26122,lesta.ru
26129,standard.co.uk
26155,whatcar.com
26163,dk-hostmaster.dk
26172,alamo.com
26183,meneame.net
26197,cbre.com
26206,conversionbear.com
26210,calibre-ebook.com
26231,novakidschool.com
26238,plutotv.net
26240,efi.com
26245,lidlplus.com
26257,hotmart.com
26258,vcu.edu
26265,hosting.de
26269,shipengine.com
26279,bitrix24.site
26285,mintpressnews.com
26286,fixthephoto.com
26291,studentdoctor.net
26293,gong.io
26294,bmwblog.com
26295,savvis.net
26305,gridoto.com
26310,thermofisher.com
26312,anura.io
26333,thevintagenews.com
26344,aviva.co.uk
26354,runsignup.com
26365,woah.org
26368,proisp.no
26374,celebitchy.com
26379,jneurosci.org
26397,robokiller.com
26398,rockcontent.com
26399,secureworks.com
26402,brasildefato.com.br
26405,medicinenet.com
26406,setlist.fm
26415,snigelweb.com
26422,traderjoes.com
26429,foleon.com
26437,live4d2u.net
26447,intermarche.com
26449,boafoda.com
26462,popt.in
26472,guestreservations.com
26476,9hits.com
26477,extra.cz
26481,taylorandfrancis.com
26494,hasznaltauto.hu
26499,first-id.fr
26501,condor.com
26504,lexmark.com
26514,corel.com
26515,mfms.ru
26521,ncl.com
26522,chapmanganato.com
26532,diariodeleon.es
26535,kstp.com
26538,purestorage.com
26549,niezalezna.pl
26551,mpb.com
26557,abcsinsights.com
26564,toledoblade.com
26569,linximpulse.net
26570,englishclub.com
26584,swedenabroad.se
26588,sprinklecontent.com
26600,gracenote.com
26614,estaminas.com.br
26615,waze.com
26637,123-reg.co.uk
26641,strikingly.com
26646,midea.com
26649,nxtbook.com
26663,unisender.com
26666,prismhr.com
26678,pnp.de
26685,thinline.cz
26686,workspaceoneaccess.com
26695,oe24.at
26700,teamspeak.com
26705,cairn.info
26708,meteojob.com
26710,istation.com
26713,batteryuniversity.com
26741,cmcmarkets.com
26745,news-leader.com
26751,hud.ac.uk
26752,chicoryapp.com
26778,glamour.com
26782,jurist.org
26785,ryanair.com
26786,emblibrary.com
26796,linguee.com
26809,lenovosoftware.com
26819,voila.fr
26820,learnreligions.com
26821,data.world
26824,courthousenews.com
26858,thueringer-allgemeine.de
26876,1cont.ru
26889,seanet.com.br
26892,post.at
26894,cityoflondon.gov.uk
26900,isipp.com
26910,smartsupp.com
26916,consumer.es
26918,freeswitch.org
26950,cakung.id
26957,active911.com
26987,justtrack.io
26989,salenames.ru
26990,collibra.com
26995,vanityfair.com
27000,elgoog.im
27042,delphiforums.com
27058,reachout.com
27072,elearningindustry.com
27080,housinganywhere.com
27105,mastercard.co.uk
27108,wdbj7.com
27113,rhymezone.com
27120,nbcmiami.com
27127,exitlag.net
27131,fbref.com
27132,eventscloud.com
27136,hubs.com
27143,agroharyana.com
27147,essaywriter.org
27154,housedigest.com
27159,bangkokbank.com
27173,777.in
27182,myworldfix.com
27183,cnet.com
27187,rcog.org.uk
27193,mps.it
27199,faceueditor.com
27212,belairinternet.com
27228,renault.fr
27242,zoho.com.au
27245,mp.pl
27250,mycrestron.com
27252,google.com.nf
27253,continental.com
27259,capcom.co.jp
27261,blinkforhome.com
27276,cision.com
27282,snafu.de
27306,sgx.com
27308,stv.ee
27321,auryc.io
27339,minkabu.jp
27346,mariadb.com
27349,kevinlileschallenge.com
27364,gazprombank.ru
27393,mensagemaniversario.com.br
27396,tescomobile.com
27406,findmypast.co.uk
27410,clickmeeting.com
27432,wroclaw.pl
27446,irishtimes.com
27453,polsatnews.pl
27463,ie.edu
27467,capital.gr
27468,planet.com
27469,videopress.com
27476,stheadline.com
27480,google.lv
27482,vpro.nl
27483,unipin.com
27487,bugcrowd.com
27488,codecademy.com
27489,tile.com
27497,spreadshirt.com
27520,unitn.it
27525,quakeroats.com
27558,cned.fr
27561,playstudios.com
27564,wellandgood.com
27574,mediasmart.io
27598,nebraska.edu
27610,manoramaonline.com
27614,gall.nl
27626,powerreviews.com
27627,xhchannel2.com
27633,serieously.com
27636,astronomy.com
27642,tophookupdatingsites.net
27649,bg3.wiki
27680,one.one
27688,megapath.com
27700,meetcircle.co
27706,11zon.com
27721,aldi-sued.de
27724,amcharts.com
27725,theprint.in
27735,concordia.ca
27756,apachelounge.com
27768,ethnos.gr
27779,jnj.com
27782,familyhandyman.com
27793,anheuser-busch.com
27800,cookiedatabase.org
27814,healthcentral.com
27818,yorkpress.co.uk
27826,paypal-community.com
27830,eero.com
27831,napier.ac.uk
27832,padsquad.com
27833,kuchenland.ru
27848,criterion.com
27863,segway.com
27864,papercut.com
27878,playmods.net
27882,clearlyip.com
27891,smartfit.com.br
27907,trailblazer.me
27924,alibabagroup.com
27928,reliablehosting.com
27929,planeta.ru
27964,uva.nl
27965,deutsche-bank.de
27969,tdameritrade.com
27978,noz.de
27992,wnetsystem.com.br
28000,vodafone.it
28004,cinemablend.com
28007,litcharts.com
28012,velaro.com
28020,temu.com
28026,toytheater.com
28028,driftt.com
28038,bookriot.com
28040,taggstar.com
28049,flaconi.de
28060,polymetal.ru
28062,particle.io
28069,gofan.co
28071,reurl.cc
28094,comingsoon.net
28098,chatra.io
28100,kurnik.pl
28104,semrush.com
28112,vizio.com
28125,toolstation.com
28128,burlington.com
28140,bostonglobe.com
28144,rnd.de
28147,miaminewtimes.com
28148,lumension.com
28165,visitsealife.com
28169,vsb.cz
28173,mweb.co.za
28177,3dtuning.com
28188,vilinema.com
28204,multitran.com
28234,vanguardia.com.mx
28235,123telugu.com
28237,norauto.fr
28244,order-brides.co.uk
28248,guttmacher.org
28252,rugbyrama.fr
28276,oko.press
28277,googlefiber.net
28303,webdesignerdepot.com
28307,setapp.com
28310,mlb.com
28314,tranny.one
28327,actionlogement.fr
28336,scaler.com
28338,webtrends.com
28342,lmgssp.com
28348,tripadvisor.com.sg
28354,steelers.com
28355,hse.ie
28373,simperium.com
28377,treasuredata.com
28387,takealot.com
28393,appneta.com
28400,fes.de
28416,elcinema.com
28430,websense.com
28447,mobil.com
28450,bestreviews.guide
28451,eloquii.com
28458,mi.tv
28462,wbstudiotour.co.uk
28463,scalapay.com
28466,amarujala.com
28471,broadsign.com
28496,bidtheatre.com
28499,vestel.com.tr
28515,keepass.info
28543,kmail-lists.com
28550,google.com.vn
28552,ftdichip.com
28562,totalplay.com.mx
28572,geology.com
28574,gta5-mods.com
28579,wetvinfo.com
28591,pillsbury.com
28593,semafor.com
28597,patpat.com
28601,enable-javascript.com
28607,redlights.be
28618,mega.co.nz
28620,novaskin.me
28641,callibri.ru
28643,express.co.uk
28657,edudip.com
28658,virusfree.cz
28662,greenbaypressgazette.com
28666,tribalfusion.com
28670,tarhelypark.hu
28671,easybell.de
28673,hosting-nation.net
28680,inn.co.il
28681,taboola.com
28682,bridesclub.org
28683,brookes.ac.uk
28702,launchdarkly.com
28718,yoti.com
28729,voxgratia.org
28732,kirkusreviews.com
28738,onlinegdb.com
28764,flashscorekz.com
28771,tele.net
28772,fiercehealthcare.com
28775,notino.it
28781,xolasar.com
28782,phaidon.com
28786,hyperwallet.com
28787,yaklass.ru
28789,hubstaff.com
28797,huffingtonpost.com.au
28803,web.dev
28810,quotationspage.com
28814,wistv.com
28822,apteka.ru
28828,dlheybeauty.com
28849,lakeland.co.uk
28857,govdelivery.com
28858,finder.com
28898,bfarm.de
28900,tellas.gr
28908,dhm.de
28911,dunelm.com
28941,elevenlabs.io
28951,padi.com
28955,ticketmaster.com
28971,lausd.org
28977,alphatreasury.co.uk
28980,matichon.co.th
28994,banfield.com
29011,poste.it
29013,sodexo.com
29016,cancaonova.com
29017,manatoki312.net
29025,yeniakit.com.tr
29042,canaltech.com.br
29045,wordcamp.org
29067,macworld.com
29071,sitesoft.ru
29074,skai.gr
29094,cosentino.com
29107,astra-honda.com
29110,uni-bremen.de
29113,greatist.com
29120,harriscomputer.com
29123,hotbot.com
29127,tvsquared.com
29154,alaska.edu
29164,borsaitaliana.it
29167,turkticaret.net
29191,tradestation.com
29192,springeropen.com
29193,madmoizelle.com
29201,lokalise.com
29203,geek.com
29208,nationaltheatre.org.uk
29212,vpndns.net
29213,uxplanet.org
29217,nfrance.com
29232,skoda-auto.cz
29236,haufe.io
29239,knect365.com
29242,uwi.edu
29246,gminsights.com
29261,copel.com
29263,insightful.io
29288,hu-berlin.de
29295,cgsecurity.org
29301,fmscout.com
29306,buienalarm.nl
29311,corteva.com
29318,google.ae
29333,three.co.uk
29334,rescue.org
29338,stroeerdigital.de
29355,deepwatch.com
29359,sbis.ru
29371,fullsail.edu
29383,rupress.org
29397,power-technology.com
29404,kartina.tv
29412,googlebot.com
29418,sendtric.com
29420,yubico.com
29441,thehindu.com
29444,usphonebook.com
29448,nus.edu.sg
29451,hnonline.sk
29464,box.net
29485,core.ac.uk
29489,aspose.com
29490,cnbc.com
29494,wiserair.com
29501,spin.it
29527,snob.ru
29536,helloretail.com
29539,google.iq
29546,liveinternet.ru
29550,gqmagazine.fr
29559,marktplaats.nl
29570,superantispyware.com
29581,euroclear.com
29594,klarna.com
29595,cryoutcreations.eu
29597,zenbox.pl
29598,haproxy.com
29604,emetriq.de
29610,monex.co.jp
29623,blabbermouth.net
29624,jansatta.com
29630,kaufland.com
29638,micso.it
29649,tradelab.fr
29650,lepida.it
29654,kingcomix.com
29666,collegeboard.org
29678,trueachievements.com
29693,danielwellington.com
29715,filmywap.com.so
29716,marketingweek.com
29728,nintendo.it
29736,tkl-vidnoe.ru
29757,my.games
29761,themodernproper.com
29768,findforeignbride.com
29783,portainer.io
29786,cshl.edu
29789,nic.me
29795,wazdan.com
29809,i.ua
29811,nouvelle-aquitaine.fr
29820,kinoafisha.info
29825,edulastic.com
29834,ejemplos.co
29835,disconetwork.com
29851,sedgwick.com
29858,baden-wuerttemberg.de
29868,surfsharkstatus.com
29882,trueserver.nl
29884,worldweatheronline.com
29886,trybooking.com
29894,quic.cloud
29895,lta.org.uk
29906,nitropay.com
29911,thoughtco.com
29914,thewest.com.au
29916,google.tt
29918,boardgamearena.net
